0,1,2,3,4,5,6,7,8,9,10,11,12,13,14,15
0.53453434,-0.44603568,0.79200107,0.06395207,-0.32382888,-0.727069,2.1730137,0.713358,0.4948187,-2.224749,0.59089047,0.18274689,-0.94331855,-1.2238275,0.94426394,-0.61600137
-1.3419428,-1.4428698,0.37479535,2.0557847,-0.21877852,-0.59099585,0.1169092,-0.6778688,0.49349278,-1.3058202,-1.2510362,1.310674,-0.8510969,-0.4655988,-0.34964675,0.42627734
-0.47426072,-0.06460404,-0.12900876,1.1010072,-2.7317595,-0.35700372,-0.6723261,1.5283886,-1.7360902,0.20618156,0.61020267,-1.8019701,-0.5284595,0.57092637,2.7293153,1.5118293
2.3202677,-0.26583433,-0.5784462,0.7224885,0.0738626,-0.89764905,0.24252336,-0.62490284,-3.0652792,0.6094129,1.1132683,-0.5718531,1.152636,-0.91650563,1.8203105,0.48770446
1.8120412,-1.1923333,-1.0773959,0.04414768,-0.006355379,2.0767624,-2.066827,0.15535003,0.52211875,-0.2941194,1.2297386,0.55449045,0.026678517,-0.37051454,1.0055139,-0.43090072
2.1689298,-0.0061106635,0.45005682,-1.7571223,0.07265394,0.6573762,-0.45684367,-1.0405794,-0.3976419,0.79308987,1.2780796,-1.6328295,0.46014464,0.8239582,0.0076358146,1.1436229
0.46778753,0.4824811,-2.0350754,0.75427246,0.32353246,1.780555,1.6675282,-1.7826644,0.7217675,0.27286783,0.29983306,0.838657,0.5527724,-0.7632212,-1.349448,-1.0722946
1.1760956,0.9639132,-0.57742196,-1.822999,-1.5791199,-0.08961718,0.45714498,1.4366951,-0.5082757,1.2226808,-0.402902,0.28747776,-0.6047667,-1.278089,1.455588,0.42033818
0.24823295,0.5193548,-1.3621597,0.83480126,0.41963702,-1.6583406,-0.4680087,1.7382747,0.60400766,-0.28061873,2.0329425,-2.1673028,0.5163789,-1.7716545,-0.42898175,-0.6806469
-1.9550415,-0.45085016,3.8562057,0.3087236,0.087251306,0.6174708,0.30891177,0.95768756,-0.20722198,-1.7593542,-1.5808524,-1.4687448,-0.06618776,-0.42483974,-0.5907359,-0.11780148
0.07989837,1.1057476,0.91042787,-1.214531,-2.8636987,0.7435863,1.5238534,-1.5230231,-1.1546235,2.1667204,-1.2878358,-1.8569187,-1.4975493,0.4782135,-2.142757,-0.3857537
0.71331954,1.3446943,-0.3979646,0.39685142,-1.3014593,0.14485241,-0.2302348,0.28556207,-1.8609312,-0.038432833,0.6393918,-1.6387048,-0.33199129,0.21332493,-0.32644713,-1.4573019
0.69698876,0.383881,0.3238299,1.2549965,1.5615633,-0.22878361,-1.3103234,0.07097954,-0.5837679,-0.22464468,1.8933411,-0.35979584,0.9537161,0.033948246,-0.33888638,0.6286992
-1.253752,0.45834726,0.18502834,2.5500882,-0.32320926,0.7859154,0.22587372,-0.8893687,-0.34942392,-0.18890774,-0.45374015,0.0073430315,-0.65523833,-0.5033846,-0.80666286,0.982141
-1.2435021,1.1158919,-0.4903033,0.7103181,0.104145885,1.5189499,0.6885697,0.097354725,-0.9192723,0.9050258,-1.1125916,-1.032562,0.8453228,0.81606853,0.5340805,0.3898351
0.3967813,1.6744393,0.580062,1.9214001,-2.0242014,-0.09955051,0.9519038,-1.3633082,0.35078815,-0.2639488,1.6893845,0.7517035,-0.90051764,1.7032983,2.0460105,0.3898994
0.24822143,-1.0409887,0.60234755,-0.6239316,-0.29042333,-0.80740327,-0.9160526,-0.60637516,-1.7459948,-3.2557878,0.44912672,-0.81547916,-1.31867,-1.6468414,0.45975283,0.57559466
1.7450223,-1.7223628,0.2075884,-0.6296215,1.4153749,-1.0862203,2.118645,-1.0595717,-0.6179379,0.14741217,-1.339628,0.68885505,0.29422745,0.059861198,-1.0994388,-0.8312532
1.0074782,0.53817534,0.37114623,-0.45402825,-0.1695997,0.95292926,-1.0428361,-0.36148003,-0.034455545,0.24298689,-1.0429586,-0.40201882,0.33016568,-0.6964937,-1.3618714,-0.21154124
-1.8385825,-0.5694595,0.75902927,0.7156881,-0.8340658,-0.33220333,0.3757605,0.22704029,0.13191862,0.7395889,0.23138624,-0.3875342,-0.02999078,0.8492807,-1.4917673,-0.35535365
-0.13652758,-0.9908683,0.7566813,1.0741606,-1.0432814,0.3991726,0.2375212,0.02058356,-1.048821,-2.5135126,-0.597294,-1.0922451,0.6251696,-0.6136246,-0.91979027,0.7413274
-1.4479463,-0.63815284,0.2414959,0.5258449,-1.0133886,-0.15473373,-0.6799125,0.9470597,-0.5814195,1.723818,0.15317759,0.5473457,0.5157092,0.74424124,1.0749477,-0.18237881
-0.23276539,-0.7170112,1.3125927,0.06689449,1.0990303,-1.4911103,-0.06856852,1.6594936,-1.9519866,2.3372931,1.5538702,0.07726216,-0.75506186,1.0154364,0.039258316,-0.69910353
1.4252607,1.9001608,-1.2300249,-1.914661,0.49046725,-0.1981986,-0.5524548,-0.745455,1.266506,1.5283867,-1.3846902,1.2928878,-0.13037838,-0.6190836,-0.5497189,-1.5040346
-0.14605245,-1.1751779,1.7370616,1.4405429,-1.1871507,-1.9892048,1.2449678,0.33201474,0.033860113,-0.19597602,-0.21282364,-0.4381347,0.44711515,-0.055748574,-1.9188665,1.4513841
-0.45239526,-0.40343562,1.0870749,1.378355,-0.89340043,-0.042732567,-0.31809154,0.38235748,-0.78395563,1.8859532,-0.3762845,0.7986403,1.0632719,-0.047463026,0.743261,-0.3192593
-0.5772169,1.153113,-1.5363829,-1.2795644,-0.55973667,0.53422576,0.58986574,-0.64404804,-0.36281806,-0.83017063,1.5059767,-0.030782433,-0.45924985,1.338548,-1.2658347,-0.6286123
0.07444431,0.011059809,-1.3905045,2.1460266,-0.12050903,0.89520574,1.0674862,-1.4469311,-1.6205869,-0.28122908,-0.009001058,-1.6948477,0.3582102,-0.4370144,-0.6778698,-0.9359046
0.6617371,-0.22861347,0.37552533,-1.4514875,-0.82444626,0.07244328,-0.5166088,-1.0291672,0.5120156,-0.16164027,-2.0543897,-0.3094027,0.4199231,0.1950956,-0.52751976,0.68129003
-1.4699833,-0.17068267,-0.7496923,0.8697126,1.9413575,-0.3737033,-0.9078858,-1.6434596,0.7137986,0.43726826,0.676205,-0.7385196,-0.034836914,1.3290626,0.25935835,-1.0079782
-1.8285272,-0.26049992,-1.0387576,-0.022936674,-1.2550704,-0.65035635,0.47337726,-1.5213597,1.874753,0.041849215,0.7524939,-0.045267265,1.513656,1.2521366,1.0167565,-0.26140192
-1.4247178,-1.2546794,0.0034472062,-0.9469352,-0.7949775,-0.8265236,2.2238572,0.03150601,0.41475537,-0.83917177,0.15211977,0.025548363,0.09894768,-1.2663939,-0.12186599,0.18573053
-1.8728442,1.1205686,0.97880656,0.25903866,0.99243194,0.031164296,-1.7991493,-1.8311315,-0.12419711,1.1280787,-0.0028505956,0.14576288,-0.43183538,-0.72237396,1.117582,-0.30061615
0.22509676,-0.62596345,-0.32589287,0.44776797,0.07407906,0.81436414,0.8662694,-0.20487168,0.45299238,-0.6000072,-0.73349607,0.2162478,-1.3751233,0.42569935,2.133053,0.8156967
-0.62381864,-0.4374705,-1.3198847,0.48184353,2.1412451,-0.9164381,-0.5342292,-0.21637563,0.8600569,-0.6695963,1.1061418,-0.16463251,-0.9774637,0.82165885,1.4674926,-0.5539949
0.3611524,-1.3048532,1.166312,-1.5446798,0.0023044317,-0.5202235,-0.036981203,1.2870805,-0.77840406,1.198366,0.6561336,-1.4571204,-0.15569483,1.2630365,-0.5004477,-0.8497812
0.026691884,0.72328764,1.3196152,0.32297197,0.6356993,-1.2848634,0.16334516,0.41582102,-1.0135657,0.8526879,-0.08434984,-0.7648145,0.54680794,-1.6009305,-0.3035492,0.3043715
0.26388612,0.76922005,-0.10427169,0.30906558,-1.2441661,0.91052073,-0.4535394,0.9895807,1.8329079,-1.0331839,-1.2354121,-1.4683437,-1.9658141,1.1732403,0.15793487,-0.687931
-0.17959851,2.4506252,1.1734571,-0.80597997,-1.7140937,0.13110964,0.1106451,-0.8991731,0.6813006,0.88035214,0.29442146,0.8956933,-0.38291883,0.02814646,0.45493183,-1.3825886
-1.0857201,1.2555114,0.44973502,0.5811724,0.48701397,0.63349295,0.5362358,-0.8625344,-0.065716036,-1.1262519,-1.442298,0.06510519,0.7246798,1.1934141,-0.22305112,2.0857024
1.0779198,-0.62812454,0.045009583,0.16213363,1.3849169,-0.57644105,0.21216846,2.2050354,-0.46328324,-0.5912812,-1.029879,-0.866482,-0.96356344,-0.59438103,-0.5565704,0.38780966
-1.2848426,0.694465,-1.4744989,-0.42732805,-0.25453132,-1.2063783,-0.31865826,2.82936,0.3526153,0.55887353,0.27363744,-0.68133694,0.5333098,-1.4091061,0.049879976,0.34418458
-0.6167372,-1.2471355,0.595375,0.51832134,-0.98733956,-0.48785564,-1.988154,1.4776598,-0.6985072,0.8560727,-0.05986492,-0.3067475,0.33519015,0.6531099,0.20678435,-1.018352
-1.8502125,-1.2474452,0.42890164,0.18893133,0.6748868,0.22088829,-1.3905752,0.4717144,-1.0549242,-0.52944684,0.48612154,-0.30437368,-0.46140838,-1.4333166,0.6625425,0.7191965
-1.1216493,-0.9424568,-1.1472628,0.7851314,0.861537,-0.110073656,-0.33046746,1.8102269,-1.2765396,-0.43542913,0.035175726,-0.04301856,-0.3395348,0.84133923,0.27868882,-0.034481414
-0.7256313,0.3145877,-0.6587047,0.419922,0.83725053,0.9993409,0.8840285,1.2122046,1.3725376,-1.9264259,-1.3263078,-0.2466487,-1.5351993,0.10222218,-1.3619491,-0.3106417
-0.16360646,0.78334045,-0.19843212,2.6590698,0.5332914,1.7420775,0.9424278,1.0084844,1.3063911,0.14607318,-1.5513359,-0.14085513,1.2154192,-1.7759639,-0.5985874,-0.4717361
-1.1728129,1.2283953,0.023978395,-0.2336847,1.2319982,0.27054504,0.681677,-0.6471382,-0.9485758,0.24484782,0.37025994,-1.9078991,1.1468017,0.9125597,1.4233,0.36141977
-0.3761402,-1.7298836,-0.2644412,0.17541865,-0.4804072,-0.86572754,1.1950037,-1.5465119,0.32920855,-0.500459,1.8291888,1.5129431,1.0801438,0.43203455,0.8960766,0.44130182
-0.27475393,0.04067318,2.0388885,-0.95358324,-0.32389665,-0.34675878,0.23344076,1.1376482,1.1438289,0.8522024,1.525528,0.7607926,-0.15520732,-0.13335268,-0.63962525,0.5845006
-0.5514709,-0.24675794,0.64325964,0.28977513,-0.5736246,0.95544815,2.095678,-0.7390579,0.16348389,0.31518638,-0.9763761,0.5926538,0.18817808,0.61526537,-0.48955017,-0.2802037
-1.2398154,-0.13305731,2.2016642,0.78374386,-1.7327112,-0.68389994,1.2601604,0.1279489,0.30986956,0.73473,-1.0534263,-1.2284855,-1.2527474,-0.19397503,-1.0752537,0.17749724
-0.85183775,-0.27907273,-1.333404,-0.98715454,-0.22556713,-0.41804233,0.4153456,-1.0386801,-2.0632653,-0.5878358,0.34090188,0.84496105,-0.57214844,0.99168974,-0.17271623,0.36026552
0.10970994,-0.18756957,-0.13634396,1.1769514,0.24016173,-1.6164396,0.8744849,-1.9045856,0.17173113,-1.7992718,0.42088234,-0.7128203,-0.13670862,0.77242696,-0.41955,-1.4423398
0.32775545,0.21020178,-0.018812906,-1.0054325,0.41970986,0.8113551,-0.19912268,0.5580922,-0.7428518,1.8137592,-0.27981675,-0.60251707,-2.3278992,0.74540204,-2.0328617,0.053854093
1.6536752,1.1485612,0.030406209,0.82396585,-0.24222744,0.5213585,-0.91017896,0.43592644,-0.67010134,-0.005555085,-1.348666,-1.4889748,0.14407212,-1.0179251,-0.52013713,-0.5218844
-0.31812453,1.4233608,0.31473708,-0.9950458,-2.264406,-0.46933874,-2.0608294,0.94691885,-0.7908341,0.66965085,-1.7313612,-0.8124209,2.1484509,-0.39188462,-0.3548883,0.6126784
-0.87198454,0.7751865,1.0174304,0.25410834,1.0338377,1.3161098,0.5808568,0.07318203,1.8450737,0.17934383,-0.4137552,-0.21033953,1.8674566,-0.028519917,0.83336693,1.7555661
0.28927422,1.216446,-0.19785063,-0.6303683,-1.4779347,-0.45645705,-1.3366413,-1.0867014,-0.84026325,0.20213659,-0.41278908,-0.30656976,-1.6101657,1.137541,1.8853716,-0.68989795
0.5114655,0.13691331,0.06707453,0.67261523,-0.37276396,-1.3646283,0.9977686,0.0019087254,0.34348306,1.6018963,0.6182355,-0.71260506,1.2660209,0.43497574,-1.5365045,1.131092
0.06572673,0.16550235,-0.67422867,0.44581783,1.4800205,0.478876,-0.5810631,0.9506642,0.35765928,-0.09157567,0.3314582,-1.0896816,-0.25850776,0.3597238,0.1484885,0.22818032
0.5369984,0.37717333,-0.5851525,-1.4798503,0.74677545,2.38721,-1.6532406,0.19872655,-0.76104146,0.6400047,1.1876926,0.80295724,-0.24580833,-0.8761681,1.056011,-0.17562555
-0.8256599,-1.7003801,-1.9649589,-0.9738783,0.010491864,-1.6804197,1.150076,0.09679174,-0.5710867,-0.32724717,1.5343976,0.30815753,-1.8361318,0.29933766,1.3229003,0.44444072
0.7542738,-0.5049221,-0.5415832,-0.22430883,1.265119,0.40307492,-0.19581127,1.100025,-0.08848521,0.035722844,0.20269832,-1.1612093,0.35681123,-1.0499772,-0.75994474,-0.5396913
-0.61912036,-0.093004696,-1.3344916,0.13024595,-0.07498405,-1.3034841,-0.16456649,0.38953528,-1.0445317,-0.19431184,0.31821167,0.513467,0.1147093,-1.1460669,-1.7298899,0.36290932
-0.46437368,-1.1189008,1.2087997,-3.3169284,2.181482,1.4587681,0.30578616,0.87455404,1.5703876,-0.5528696,-2.1816423,-0.96638066,1.1034304,-0.83047944,0.9316805,-1.7586033
-0.19014123,-0.25694105,-1.2687767,-0.64395314,-0.9049431,1.0506485,-1.0337079,-0.7286322,-0.11594881,0.009321364,-1.1169775,-0.4738516,1.2189772,-0.2095992,-1.2369949,1.0437196
0.8786204,-0.27708983,-0.066623695,1.0513642,-0.36793008,-0.813343,1.4856782,-0.9676999,-1.2012732,-2.4200609,0.8599895,-0.62341803,-3.3347702,-0.631976,0.034220744,1.0498106
0.30619282,0.8597711,0.13343047,0.29870313,-2.8324351,0.69831306,-0.26272544,1.3893234,-0.26581094,-0.099776134,-0.6978064,-0.19240223,-0.36733174,-0.4730306,-1.4642357,-0.3191099
1.8918487,1.0034891,-0.7645024,1.1980104,1.1278361,1.091094,0.7624884,-1.6569155,-0.9456643,-0.054448094,0.30757463,1.1255717,1.4383008,-1.1516876,0.46227127,0.22007701
0.2128042,0.49795133,-1.4064183,1.4394028,-1.0385152,-1.4697533,0.469707,1.1301444,-1.2372419,-1.8159084,-1.3093759,0.73148847,-1.06172,-1.885081,-0.32352728,-2.753013
1.1526408,1.8782232,0.17779647,-0.39120188,0.3071519,-1.5744654,-1.0765274,0.44811666,1.0273387,-2.0298128,-0.4744328,0.6842943,0.69378155,0.1467319,0.18649277,2.0687294
1.340494,0.56504935,-0.25633594,-0.039254215,0.39145827,-1.0872376,0.27291393,2.0072713,-0.685239,0.28973916,-2.2641823,0.53479004,0.43925172,0.44053176,0.096918344,0.98516864
2.244513,-1.5977807,0.67685497,0.20770063,-0.864954,0.11030397,1.5694447,1.0321507,0.592771,0.45311546,1.6029773,0.8741812,-0.7867365,1.0631677,0.7823162,-1.50723
0.6937538,0.44791317,1.4457064,0.9202777,1.0190367,0.25572917,1.1558766,0.18782413,1.747647,1.4291635,-0.9117914,0.4626812,0.4074164,0.845678,-1.3062055,-0.97725147
0.5558109,-0.51859707,0.38239893,-0.6888667,-2.0085948,1.3426477,-1.1067861,0.33962014,-0.77465564,-2.3248687,0.053864572,0.41873947,-0.4251778,-0.014391093,1.4377354,0.78858215
-0.1073615,0.07449235,-0.81492317,0.44420987,-0.66217995,1.4163392,0.20305678,-0.4546936,0.89260536,0.019191336,-0.31909728,0.67685014,-0.57863086,0.26648018,-1.1297364,-1.7341572
0.3928396,-1.1691499,0.64818627,1.9679879,0.46904302,0.053394694,1.1015435,0.52767193,0.5451991,0.7243659,-0.5784625,-0.9381359,0.50739396,-1.5345522,1.3349705,2.4583018
1.500464,-0.1949397,0.020767178,-0.32018295,-0.7536302,-1.3918712,-0.08948003,-0.02223858,0.38988334,-2.487319,0.4430344,0.28851366,-0.88339996,-1.1646066,1.0121015,-0.39679053
1.0848461,-1.3469476,-0.757853,-0.23719878,-0.66491693,-1.5216308,-0.2643168,0.13516775,-1.2261312,-0.6366951,0.088799424,-0.91296536,0.8482413,0.6992797,-0.10770573,-0.90586317
-0.11970311,-1.1608949,1.0984963,-0.1869734,0.1672669,-1.3839178,0.26015705,0.7777603,-1.7467908,0.25693965,-0.9375561,3.2070425,0.60773873,1.8197834,1.0782905,-0.6668605
0.09416619,-0.69238186,0.37847707,-0.15157454,0.46954748,0.4240974,-0.41475996,-0.029008716,0.5527811,-0.599896,-0.5414452,-0.7156793,1.9834839,-0.05274495,0.009223396,-0.11832374
1.6862932,0.8326941,0.07762285,-1.5127596,0.1557667,0.89540213,-0.51559067,0.6911646,0.1612396,-1.0596868,0.7591114,1.0785462,-0.12660371,-1.15649,-0.22864863,-1.1389511
-1.8925426,0.38426688,-0.4984417,-0.47631994,2.6478825,0.032392826,0.08874828,-0.20774196,-0.66493416,1.2302538,0.6255727,1.0234814,0.07572611,0.5065586,-0.27377766,0.7614727
-0.7885138,-1.2125294,-0.6447376,0.28861535,1.7755225,0.69255906,-0.11751703,0.23475903,-0.63640714,-0.6138092,0.39084667,1.2286801,1.1574314,-0.7886312,-1.1638606,0.93632036
-0.1397911,-0.15845002,0.0281086,1.2544827,0.24356358,-0.26372382,0.09283274,0.43350253,0.62916243,-0.45741412,-0.97031146,0.9604305,-0.45787024,-0.048963193,-0.56403697,0.78303885
-1.1880313,-0.42288628,-1.2599097,0.75228584,-0.9224225,-2.8192804,1.177003,-0.06727983,0.63984203,-0.92712957,-1.5278095,0.28194264,-0.7473175,-0.075897075,0.7385519,1.0207616
-0.34347284,0.73495716,0.36130586,-0.42741588,-0.028292889,-1.5691639,-1.0371104,-0.51442534,1.3465855,-0.22753023,0.29255557,-0.29792547,-0.46463457,0.53993,0.7681249,0.826777
-0.3422436,0.84814924,-1.301838,0.7689212,-0.54390293,0.13794233,0.06981725,0.19161732,0.7548862,0.6779119,-0.32542327,-1.305196,-1.2644186,-0.48990205,-1.2889965,0.22897118
-1.4278902,-0.4445497,-0.35865262,1.0675215,-0.62496835,-0.4929349,1.0958185,-0.84605175,1.6544974,1.1160926,0.45172778,-1.0949504,1.7307752,1.7957659,-0.1442869,0.48639393
-0.7943105,0.5084913,0.22403792,-0.27375323,0.96040887,-0.36286548,-0.44327763,0.2906256,1.0968,-1.064803,0.07639075,-0.110097125,0.5497668,1.246326,-2.0269248,0.53538823
-0.030827748,0.913715,-0.14519128,-1.1056992,-1.6760734,-0.7399222,0.72013396,-0.31515235,-0.04144811,-0.9144763,-0.2021954,0.7765887,0.23493375,-0.62622994,1.5810643,0.7828414
-1.6148772,0.562941,0.4771681,-1.2749441,-1.5009925,-0.049349938,-0.43748483,1.0980452,1.5423065,1.0700041,0.89905685,-1.5855281,0.9077924,1.0720856,-0.6132984,0.38268042
